{"temperature":257,"temperature_max":0,"Temperatureincrease":-39.35295104980469,"humidity":15362,"Humidity_max":15362,"RelativeHumidity":23.4405517578125,"DeviceId":2000,"ManufactureId":21577}